iteration,obj,time
1,1366.62,9.16362826
2,1326.73,8.316728964
3,1326.73,10.360321097
4,1326.73,9.950288738
5,1326.73,10.306397851
6,1326.73,10.33383214
