iteration,obj,time
1,218.20,0.64642433
2,218.20,0.481866868
3,218.20,0.207335107
4,218.20,0.220737448
5,218.20,0.222055343
