iteration,obj,time
1,226.98,0.54228518
2,218.20,0.543730222
3,218.20,0.334314877
4,218.20,0.357958101
5,218.20,0.348744752
6,218.20,0.354548209
