iteration,obj,time
1,226.98,0.812920233
2,218.20,1.085980326
3,218.20,0.850767267
4,218.20,0.832811904
5,218.20,0.704063711
6,218.20,0.713175685
