iteration,obj,time
1,218.20,0.328804241
2,218.20,0.40130014
3,218.20,0.207625335
4,218.20,0.221562044
5,218.20,0.221634554
