iteration,obj,time
1,226.98,0.564135957
2,218.20,0.320612442
3,218.20,0.425489701
4,218.20,0.419806834
5,218.20,0.31742566
6,218.20,0.252214186
