iteration,obj,time
1,218.20,0.737402306
2,218.20,0.399587108
3,218.20,0.319188509
4,218.20,0.262149375
5,218.20,0.242341291
