iteration,obj,time
1,218.20,0.484304898
2,218.20,0.414321767
3,218.20,0.246977732
4,218.20,0.240970114
5,218.20,0.253293327
