iteration,obj,time
1,226.98,0.353271555
2,218.20,0.5177534
3,218.20,0.474503932
4,218.20,0.204939643
5,218.20,0.16400959
6,218.20,0.139819186
