iteration,obj,time
1,218.20,1.01465655
2,218.20,2.002800282
3,218.20,0.344359942
4,218.20,0.279149419
5,218.20,0.316351141
