iteration,obj,time
1,226.98,1.115733714
2,218.20,0.483757844
3,218.20,0.333512084
4,218.20,0.211621709
5,218.20,0.313451277
6,218.20,0.20699656
