iteration,obj,time
1,218.20,1.723840757
2,218.20,0.721432944
3,218.20,0.579958889
4,218.20,0.698813325
5,218.20,0.570270193
