iteration,obj,time
1,218.20,0.386017693
2,218.20,0.391319723
3,218.20,0.152116936
4,218.20,0.147409657
5,218.20,0.151235303
