iteration,obj,time
1,218.20,1.236301832
2,218.20,1.254519856
3,218.20,0.448388282
4,218.20,0.46345028
5,218.20,0.219382008
