iteration,obj,time
1,218.20,0.710606545
2,218.20,0.391265906
3,218.20,0.385963924
4,218.20,0.271717042
5,218.20,0.154433029
