iteration,obj,time
1,218.20,0.985327676
2,218.20,0.408410784
3,218.20,0.208011087
4,218.20,0.374806376
5,218.20,0.226842394
