iteration,obj,time
1,218.20,0.578870516
2,218.20,0.452941351
3,218.20,0.370946567
4,218.20,0.206307672
5,218.20,0.298995555
