iteration,obj,time
1,218.20,0.882900638
2,218.20,0.630139035
3,218.20,0.313363964
4,218.20,0.22326395
5,218.20,0.208617931
