iteration,obj,time
1,218.20,0.725590299
2,218.20,0.309249603
3,218.20,0.333322574
4,218.20,0.24388919
5,218.20,0.228275113
