iteration,obj,time
1,218.20,0.603684257
2,218.20,0.275639027
3,218.20,0.23732744
4,218.20,0.218429244
5,218.20,0.234994266
