iteration,obj,time
1,218.20,0.568519641
2,218.20,0.56272833
3,218.20,0.257474159
4,218.20,0.286082147
5,218.20,0.380253385
