iteration,obj,time
1,218.20,1.181785437
2,218.20,0.733430119
3,218.20,0.328911613
4,218.20,0.329952783
5,218.20,0.212059319
