iteration,obj,time
1,218.20,1.061456341
2,218.20,0.613708407
3,218.20,0.448288139
4,218.20,0.332496219
5,218.20,0.345601291
