iteration,obj,time
1,218.20,1.282229091
2,218.20,0.656989686
3,218.20,0.504154118
4,218.20,0.498361725
5,218.20,0.580312633
