iteration,obj,time
1,226.98,0.549189109
2,218.20,0.431380924
3,218.20,0.584838131
4,218.20,0.534014388
5,218.20,0.402409896
6,218.20,0.425677306
