iteration,obj,time
1,218.20,1.191743453
2,218.20,0.973060837
3,218.20,0.729381607
4,218.20,0.71674944
5,218.20,0.866552247
