iteration,obj,time
1,218.20,0.547097349
2,218.20,0.461894204
3,218.20,0.143872423
4,218.20,0.149407593
5,218.20,0.15549203
