iteration,obj,time
1,218.20,0.718872838
2,218.20,0.601514858
3,218.20,0.511958562
4,218.20,0.447112434
5,218.20,0.562144583
