iteration,obj,time
1,218.20,0.70412097
2,218.20,0.35018469
3,218.20,0.230260848
4,218.20,0.200965327
5,218.20,0.227637118
