iteration,obj,time
1,226.98,0.436499509
2,218.20,0.410931881
3,218.20,0.281516294
4,218.20,0.271168925
5,218.20,0.264788483
6,218.20,0.322804926
