iteration,obj,time
1,218.20,1.218749467
2,218.20,0.722926115
3,218.20,0.446409486
4,218.20,0.469600664
5,218.20,0.463875339
