iteration,obj,time
1,218.20,0.678461906
2,218.20,0.548003335
3,218.20,0.273327886
4,218.20,0.293128742
5,218.20,0.388389539
