iteration,obj,time
1,218.20,1.156329189
2,218.20,0.722209525
3,218.20,0.447014616
4,218.20,0.35814234
5,218.20,0.358735425
