iteration,obj,time
1,218.20,1.660175806
2,218.20,0.441178279
3,218.20,0.195685136
4,218.20,0.221357404
5,218.20,0.191941766
