iteration,obj,time
1,218.20,0.645066058
2,218.20,0.450897477
3,218.20,0.204504375
4,218.20,0.29655213
5,218.20,0.357272277
