iteration,obj,time
1,218.20,0.632605809
2,218.20,0.365741317
3,218.20,0.223671
4,218.20,0.213841143
5,218.20,0.318731543
