iteration,obj,time
1,218.20,0.586132796
2,218.20,0.504303098
3,218.20,0.360715252
4,218.20,0.404132583
5,218.20,0.291104575
