iteration,obj,time
1,218.20,1.489927421
2,218.20,0.852931252
3,218.20,0.464028889
4,218.20,0.57516266
5,218.20,0.471951621
