iteration,obj,time
1,218.20,0.97194358
2,218.20,0.355074155
3,218.20,0.21830781
4,218.20,0.311290161
5,218.20,0.212804252
