iteration,obj,time
1,226.98,0.471278418
2,226.98,0.541240959
3,226.98,0.374901433
4,226.98,0.558635222
5,226.98,0.456471909
