iteration,obj,time
1,218.20,0.829610755
2,218.20,0.383437428
3,218.20,0.33923111
4,218.20,0.315673275
5,218.20,0.21832212
