iteration,obj,time
1,226.98,1.404086449
2,218.20,1.020963774
3,218.20,1.038522584
4,218.20,1.060710855
5,218.20,1.072235434
6,218.20,0.735497043
