iteration,obj,time
1,226.98,0.797639328
2,218.20,0.621930172
3,218.20,0.626744246
4,218.20,0.693180032
5,218.20,0.603059039
6,218.20,0.609970385
