iteration,obj,time
1,226.98,0.964841026
2,218.20,0.994962407
3,218.20,0.734853309
4,218.20,0.721113203
5,218.20,0.705677564
6,218.20,0.787971281
