iteration,obj,time
1,226.98,0.413264768
2,218.20,0.273190777
3,218.20,0.279716977
4,218.20,0.271554799
5,218.20,0.274364302
6,218.20,0.313805311
