iteration,obj,time
1,218.20,0.831981341
2,218.20,0.686761299
3,218.20,0.336554806
4,218.20,0.42222612
5,218.20,0.331913913
